-- ----------------------------
-- Table data for admin
-- ----------------------------

INSERT INTO `mall_system`.`admin`(`id`, `name`, `avatar`, `department_id`, `status`, `username`, `password`, `password_salt`, `create_admin_id`, `create_ip`, `create_time`, `update_time`) VALUES (1, '管理员', '', NULL, 1, 'admin', '$2a$10$5sSIO3fq77iVvrnv4XjXwugz4D91D4gxIe7ClQzKsPySNPEZcr6za', '$2a$10$5sSIO3fq77iVvrnv4XjXwu', 0, '', '2020-04-17 19:20:14', '2020-07-04 21:33:30');
INSERT INTO `mall_system`.`admin`(`id`, `name`, `avatar`, `department_id`, `status`, `username`, `password`, `password_salt`, `create_admin_id`, `create_ip`, `create_time`, `update_time`) VALUES (31, '测试管理员', '', 1, 1, 'admin02', '$2a$10$YhC.E1RvO573BVa10E7Os.GwpID4iHyhh8HGdu7r2Klr0sFc9Pmd.', '$2a$10$YhC.E1RvO573BVa10E7Os.', 1, '127.0.0.1', '2020-07-05 21:34:45', '2020-07-05 23:14:26');
INSERT INTO `mall_system`.`admin`(`id`, `name`, `avatar`, `department_id`, `status`, `username`, `password`, `password_salt`, `create_admin_id`, `create_ip`, `create_time`, `update_time`) VALUES (32, '测试员工1', NULL, 0, 1, 'test', '$2a$10$9d/OEH4PpoDmZUY3mb2cn.ADra1IHNnEwAvP1c/nPqNIWsIrPEss2', '$2a$10$9d/OEH4PpoDmZUY3mb2cn.', 1, '127.0.0.1', '2020-07-13 09:58:39', '2020-07-14 07:00:53');
INSERT INTO `mall_system`.`admin`(`id`, `name`, `avatar`, `department_id`, `status`, `username`, `password`, `password_salt`, `create_admin_id`, `create_ip`, `create_time`, `update_time`) VALUES (33, '技术测试员工', NULL, 3, 1, 'test001', '$2a$10$lFiDPNXUEeFogIEg43CUmu/YjcCTXszQaOCffNhKXyGL3BWAiQi9W', '$2a$10$lFiDPNXUEeFogIEg43CUmu', 1, '127.0.0.1', '2020-07-14 16:32:15', '2020-07-15 14:39:28');

-- ----------------------------
-- Table data for admin_department
-- ----------------------------

INSERT INTO `mall_system`.`admin_department`(`id`, `name`, `sort`, `pid`, `create_time`, `update_time`, `deleted`) VALUES (1, '测试部门', 0, 0, '2020-07-14 13:19:40', '2020-07-14 13:19:40', b'0');
INSERT INTO `mall_system`.`admin_department`(`id`, `name`, `sort`, `pid`, `create_time`, `update_time`, `deleted`) VALUES (2, '技术部', 1, 0, '2020-07-14 13:51:02', '2020-07-14 13:51:02', b'0');
INSERT INTO `mall_system`.`admin_department`(`id`, `name`, `sort`, `pid`, `create_time`, `update_time`, `deleted`) VALUES (3, '测试小组10', 1, 1, '2020-07-14 13:51:09', '2020-07-14 13:51:30', b'0');
INSERT INTO `mall_system`.`admin_department`(`id`, `name`, `sort`, `pid`, `create_time`, `update_time`, `deleted`) VALUES (4, '测试小组2', 2, 1, '2020-07-14 13:51:14', '2020-07-14 13:51:14', b'0');
INSERT INTO `mall_system`.`admin_department`(`id`, `name`, `sort`, `pid`, `create_time`, `update_time`, `deleted`) VALUES (5, '测试小组3', 3, 1, '2020-07-14 13:51:21', '2020-07-14 13:51:21', b'0');

-- ----------------------------
-- Table data for permission_admin_role
-- ----------------------------

INSERT INTO `mall_system`.`permission_admin_role`(`id`, `admin_id`, `role_id`, `create_time`, `update_time`, `deleted`) VALUES (35, 1, 1, '2019-05-17 17:08:37', '2020-04-23 07:59:16', b'0');
INSERT INTO `mall_system`.`permission_admin_role`(`id`, `admin_id`, `role_id`, `create_time`, `update_time`, `deleted`) VALUES (36, 32, 1, '2020-07-13 18:25:29', '2020-07-13 18:39:51', b'1');
INSERT INTO `mall_system`.`permission_admin_role`(`id`, `admin_id`, `role_id`, `create_time`, `update_time`, `deleted`) VALUES (37, 32, 13, '2020-07-13 18:25:29', '2020-07-13 18:39:51', b'1');
INSERT INTO `mall_system`.`permission_admin_role`(`id`, `admin_id`, `role_id`, `create_time`, `update_time`, `deleted`) VALUES (38, 32, 13, '2020-07-13 18:39:51', '2020-07-14 07:04:47', b'1');
INSERT INTO `mall_system`.`permission_admin_role`(`id`, `admin_id`, `role_id`, `create_time`, `update_time`, `deleted`) VALUES (39, 32, 16, '2020-07-14 07:04:55', '2020-07-14 07:04:55', b'0');


-- ----------------------------
-- Table data for permission_resource
-- ----------------------------

INSERT INTO `mall_system`.`permission_resource`(`id`, `name`, `permission`, `type`, `sort`, `pid`, `route`, `icon`, `view`, `create_admin_id`, `create_time`, `update_time`, `deleted`) VALUES (1, '管理员信息', NULL, 2, -1, 0, '/admin/admin/info', NULL, NULL, 0, '2019-02-24 09:07:43', '2019-05-15 22:57:30', b'1');
INSERT INTO `mall_system`.`permission_resource`(`id`, `name`, `permission`, `type`, `sort`, `pid`, `route`, `icon`, `view`, `create_admin_id`, `create_time`, `update_time`, `deleted`) VALUES (13, '系统管理', '', 1, 8, 0, '/system', 'el-icon-s-tools', NULL, 0, '2019-03-10 03:59:07', '2020-07-11 16:53:17', b'0');
INSERT INTO `mall_system`.`permission_resource`(`id`, `name`, `permission`, `type`, `sort`, `pid`, `route`, `icon`, `view`, `create_admin_id`, `create_time`, `update_time`, `deleted`) VALUES (14, '员工列表', 'system:admin:page', 1, 1, 13, 'admin-list', 'people', 'admin/admin/index', 0, '2019-03-10 03:59:29', '2020-07-14 13:31:15', b'0');
INSERT INTO `mall_system`.`permission_resource`(`id`, `name`, `permission`, `type`, `sort`, `pid`, `route`, `icon`, `view`, `create_admin_id`, `create_time`, `update_time`, `deleted`) VALUES (15, '权限列表', 'system:resource:tree', 1, 4, 13, 'resource-list', 'el-icon-s-operation', 'permission/resource/index', 0, '2019-03-10 03:59:56', '2020-07-14 13:25:55', b'0');
INSERT INTO `mall_system`.`permission_resource`(`id`, `name`, `permission`, `type`, `sort`, `pid`, `route`, `icon`, `view`, `create_admin_id`, `create_time`, `update_time`, `deleted`) VALUES (16, '角色列表', 'system:role:page', 1, 3, 13, 'role-list', 'peoples', 'permission/role/index', 0, '2019-03-10 04:00:35', '2020-07-14 13:25:59', b'0');
INSERT INTO `mall_system`.`permission_resource`(`id`, `name`, `permission`, `type`, `sort`, `pid`, `route`, `icon`, `view`, `create_admin_id`, `create_time`, `update_time`, `deleted`) VALUES (19, '数据字典', 'system:data-dict:list', 1, 5, 13, 'data-dict-list', 'el-icon-reading', 'datadict/index', 0, '2019-03-15 19:10:30', '2020-07-15 10:58:48', b'0');
INSERT INTO `mall_system`.`permission_resource`(`id`, `name`, `permission`, `type`, `sort`, `pid`, `route`, `icon`, `view`, `create_admin_id`, `create_time`, `update_time`, `deleted`) VALUES (20, '商品管理', NULL, 1, 4, 0, 'product', NULL, NULL, 0, '2019-03-15 19:53:09', '2020-07-10 12:24:52', b'0');
INSERT INTO `mall_system`.`permission_resource`(`id`, `name`, `permission`, `type`, `sort`, `pid`, `route`, `icon`, `view`, `create_admin_id`, `create_time`, `update_time`, `deleted`) VALUES (21, '商品列表', NULL, 1, 1, 20, 'product-spu-list', NULL, NULL, 0, '2019-03-15 19:55:22', '2020-07-10 12:24:49', b'0');
INSERT INTO `mall_system`.`permission_resource`(`id`, `name`, `permission`, `type`, `sort`, `pid`, `route`, `icon`, `view`, `create_admin_id`, `create_time`, `update_time`, `deleted`) VALUES (22, '展示类目', NULL, 1, 2, 20, 'product-category-list', NULL, NULL, 0, '2019-03-15 19:56:42', '2020-07-10 12:24:57', b'0');
INSERT INTO `mall_system`.`permission_resource`(`id`, `name`, `permission`, `type`, `sort`, `pid`, `route`, `icon`, `view`, `create_admin_id`, `create_time`, `update_time`, `deleted`) VALUES (23, '营销管理', NULL, 1, 7, 0, 'promotion', NULL, NULL, 0, '2019-03-30 22:42:13', '2020-07-10 12:25:00', b'0');
INSERT INTO `mall_system`.`permission_resource`(`id`, `name`, `permission`, `type`, `sort`, `pid`, `route`, `icon`, `view`, `create_admin_id`, `create_time`, `update_time`, `deleted`) VALUES (24, '首页广告', NULL, 1, 1, 23, 'banner-list', NULL, NULL, 0, '2019-03-30 22:54:57', '2020-07-10 12:25:04', b'0');
INSERT INTO `mall_system`.`permission_resource`(`id`, `name`, `permission`, `type`, `sort`, `pid`, `route`, `icon`, `view`, `create_admin_id`, `create_time`, `update_time`, `deleted`) VALUES (25, '商品推荐', NULL, 1, 2, 23, 'product-recommend-list', NULL, NULL, 0, '2019-04-01 13:17:28', '2020-07-10 12:25:09', b'0');
INSERT INTO `mall_system`.`permission_resource`(`id`, `name`, `permission`, `type`, `sort`, `pid`, `route`, `icon`, `view`, `create_admin_id`, `create_time`, `update_time`, `deleted`) VALUES (26, '优惠劵', NULL, 1, 3, 23, 'coupon-card-template-list', NULL, NULL, 0, '2019-04-04 16:02:14', '2020-07-10 12:25:14', b'0');
INSERT INTO `mall_system`.`permission_resource`(`id`, `name`, `permission`, `type`, `sort`, `pid`, `route`, `icon`, `view`, `create_admin_id`, `create_time`, `update_time`, `deleted`) VALUES (27, '订单管理', NULL, 1, 5, 0, 'order', NULL, NULL, 0, '2019-04-06 12:53:55', '2020-07-10 12:25:17', b'0');
INSERT INTO `mall_system`.`permission_resource`(`id`, `name`, `permission`, `type`, `sort`, `pid`, `route`, `icon`, `view`, `create_admin_id`, `create_time`, `update_time`, `deleted`) VALUES (28, '订单管理', NULL, 1, 1, 27, 'order-list', NULL, NULL, 0, '2019-04-06 12:57:17', '2020-07-10 12:25:21', b'0');
INSERT INTO `mall_system`.`permission_resource`(`id`, `name`, `permission`, `type`, `sort`, `pid`, `route`, `icon`, `view`, `create_admin_id`, `create_time`, `update_time`, `deleted`) VALUES (29, '商品品牌', NULL, 1, 3, 20, 'product-brand-list', NULL, NULL, 0, '2019-04-09 17:58:36', '2020-07-10 12:25:25', b'0');
INSERT INTO `mall_system`.`permission_resource`(`id`, `name`, `permission`, `type`, `sort`, `pid`, `route`, `icon`, `view`, `create_admin_id`, `create_time`, `update_time`, `deleted`) VALUES (30, '发布商品', NULL, 1, -99, 20, 'product-spu-add', NULL, NULL, 0, '2019-05-01 21:01:38', '2020-07-10 12:25:29', b'0');
INSERT INTO `mall_system`.`permission_resource`(`id`, `name`, `permission`, `type`, `sort`, `pid`, `route`, `icon`, `view`, `create_admin_id`, `create_time`, `update_time`, `deleted`) VALUES (31, '概述', NULL, 1, 0, 0, '/home', NULL, NULL, 0, '2019-05-03 00:01:33', '2020-07-12 00:06:47', b'0');
INSERT INTO `mall_system`.`permission_resource`(`id`, `name`, `permission`, `type`, `sort`, `pid`, `route`, `icon`, `view`, `create_admin_id`, `create_time`, `update_time`, `deleted`) VALUES (32, '数据分析', NULL, 1, 1, 0, '/statistic', NULL, NULL, 0, '2019-05-03 00:02:08', '2020-07-12 00:07:14', b'0');
INSERT INTO `mall_system`.`permission_resource`(`id`, `name`, `permission`, `type`, `sort`, `pid`, `route`, `icon`, `view`, `create_admin_id`, `create_time`, `update_time`, `deleted`) VALUES (33, '店铺资产', '', 1, 2, 0, '/pay', 'money-collect', NULL, 0, '2019-05-03 00:02:57', '2020-07-12 00:25:41', b'0');
INSERT INTO `mall_system`.`permission_resource`(`id`, `name`, `permission`, `type`, `sort`, `pid`, `route`, `icon`, `view`, `create_admin_id`, `create_time`, `update_time`, `deleted`) VALUES (34, '会员管理', NULL, 1, 6, 0, 'member', NULL, NULL, 0, '2019-05-03 00:03:55', '2020-07-10 12:26:17', b'0');
INSERT INTO `mall_system`.`permission_resource`(`id`, `name`, `permission`, `type`, `sort`, `pid`, `route`, `icon`, `view`, `create_admin_id`, `create_time`, `update_time`, `deleted`) VALUES (41, '限时折扣', NULL, 1, 24, 23, 'time-limit-discount-list', NULL, NULL, 0, '2019-05-07 22:34:30', '2020-07-10 12:26:12', b'0');
INSERT INTO `mall_system`.`permission_resource`(`id`, `name`, `permission`, `type`, `sort`, `pid`, `route`, `icon`, `view`, `create_admin_id`, `create_time`, `update_time`, `deleted`) VALUES (42, '满减送', NULL, 1, 25, 23, 'full-privilege-list', NULL, NULL, 0, '2019-05-08 00:05:20', '2020-07-10 12:26:24', b'0');
INSERT INTO `mall_system`.`permission_resource`(`id`, `name`, `permission`, `type`, `sort`, `pid`, `route`, `icon`, `view`, `create_admin_id`, `create_time`, `update_time`, `deleted`) VALUES (43, '会员资料', NULL, 1, 1, 34, 'user-list', NULL, NULL, 0, '2019-05-08 11:11:22', '2020-07-10 12:26:21', b'0');
INSERT INTO `mall_system`.`permission_resource`(`id`, `name`, `permission`, `type`, `sort`, `pid`, `route`, `icon`, `view`, `create_admin_id`, `create_time`, `update_time`, `deleted`) VALUES (44, '支付单', NULL, 1, 1, 33, 'transaction-list', NULL, NULL, 0, '2019-05-08 14:17:15', '2020-07-10 12:25:47', b'0');
INSERT INTO `mall_system`.`permission_resource`(`id`, `name`, `permission`, `type`, `sort`, `pid`, `route`, `icon`, `view`, `create_admin_id`, `create_time`, `update_time`, `deleted`) VALUES (45, '退款单', NULL, 1, 2, 33, 'refund-list', NULL, NULL, 0, '2019-05-08 16:58:05', '2020-07-10 12:25:51', b'0');
INSERT INTO `mall_system`.`permission_resource`(`id`, `name`, `permission`, `type`, `sort`, `pid`, `route`, `icon`, `view`, `create_admin_id`, `create_time`, `update_time`, `deleted`) VALUES (46, '订单售后', NULL, 1, 1, 27, 'order-refunds', NULL, NULL, 0, '2019-05-09 19:57:23', '2020-07-10 12:25:57', b'0');
INSERT INTO `mall_system`.`permission_resource`(`id`, `name`, `permission`, `type`, `sort`, `pid`, `route`, `icon`, `view`, `create_admin_id`, `create_time`, `update_time`, `deleted`) VALUES (47, '新建员工', 'system:admin:create', 2, 1, 14, '', NULL, NULL, 0, '2019-05-15 23:43:58', '2020-07-14 07:07:01', b'0');
INSERT INTO `mall_system`.`permission_resource`(`id`, `name`, `permission`, `type`, `sort`, `pid`, `route`, `icon`, `view`, `create_admin_id`, `create_time`, `update_time`, `deleted`) VALUES (48, '新建字典', 'system:data-dict:create', 2, 1, 19, '', NULL, NULL, 0, '2019-05-16 16:00:57', '2020-07-15 10:50:09', b'0');
INSERT INTO `mall_system`.`permission_resource`(`id`, `name`, `permission`, `type`, `sort`, `pid`, `route`, `icon`, `view`, `create_admin_id`, `create_time`, `update_time`, `deleted`) VALUES (49, '编辑字典', 'system:data-dict:update', 2, 2, 19, '', NULL, NULL, 0, '2019-05-16 16:01:18', '2020-07-15 10:50:20', b'0');
INSERT INTO `mall_system`.`permission_resource`(`id`, `name`, `permission`, `type`, `sort`, `pid`, `route`, `icon`, `view`, `create_admin_id`, `create_time`, `update_time`, `deleted`) VALUES (50, '删除字典', 'system:data-dict:delete', 2, 3, 19, '', NULL, NULL, 0, '2019-05-16 16:01:36', '2020-07-15 10:50:45', b'0');
INSERT INTO `mall_system`.`permission_resource`(`id`, `name`, `permission`, `type`, `sort`, `pid`, `route`, `icon`, `view`, `create_admin_id`, `create_time`, `update_time`, `deleted`) VALUES (51, '短信服务', '', 1, 3, 0, 'sms', 'user', NULL, 0, '2019-05-26 12:00:31', '2020-07-10 12:27:09', b'0');
INSERT INTO `mall_system`.`permission_resource`(`id`, `name`, `permission`, `type`, `sort`, `pid`, `route`, `icon`, `view`, `create_admin_id`, `create_time`, `update_time`, `deleted`) VALUES (52, '短信签名', '', 1, 1, 51, 'sign-list', 'user', NULL, 0, '2019-05-26 12:01:56', '2020-07-10 12:26:08', b'0');
INSERT INTO `mall_system`.`permission_resource`(`id`, `name`, `permission`, `type`, `sort`, `pid`, `route`, `icon`, `view`, `create_admin_id`, `create_time`, `update_time`, `deleted`) VALUES (53, '短信模板', '', 1, 2, 51, 'template-list', 'user', NULL, 0, '2019-05-26 12:02:19', '2020-07-10 11:37:10', b'0');
INSERT INTO `mall_system`.`permission_resource`(`id`, `name`, `permission`, `type`, `sort`, `pid`, `route`, `icon`, `view`, `create_admin_id`, `create_time`, `update_time`, `deleted`) VALUES (54, '拼团购', '', 1, 6, 23, 'group-buy-list', ' ', NULL, 0, '2019-07-07 16:51:47', '2020-07-10 12:26:02', b'0');
INSERT INTO `mall_system`.`permission_resource`(`id`, `name`, `permission`, `type`, `sort`, `pid`, `route`, `icon`, `view`, `create_admin_id`, `create_time`, `update_time`, `deleted`) VALUES (55, '新建权限', 'system:resource:create', 2, 1, 15, '', NULL, NULL, 0, '2020-04-27 15:45:21', '2020-07-14 07:06:52', b'0');
INSERT INTO `mall_system`.`permission_resource`(`id`, `name`, `permission`, `type`, `sort`, `pid`, `route`, `icon`, `view`, `create_admin_id`, `create_time`, `update_time`, `deleted`) VALUES (56, '更新权限	', 'system:resource:update', 2, 2, 15, '', NULL, NULL, 0, '2020-04-27 15:51:01', '2020-04-27 15:51:01', b'0');
INSERT INTO `mall_system`.`permission_resource`(`id`, `name`, `permission`, `type`, `sort`, `pid`, `route`, `icon`, `view`, `create_admin_id`, `create_time`, `update_time`, `deleted`) VALUES (57, '删除权限', 'system:resource:delete', 2, 3, 15, '', NULL, NULL, 0, '2020-04-27 15:51:32', '2020-04-27 15:51:31', b'0');
INSERT INTO `mall_system`.`permission_resource`(`id`, `name`, `permission`, `type`, `sort`, `pid`, `route`, `icon`, `view`, `create_admin_id`, `create_time`, `update_time`, `deleted`) VALUES (59, '新建角色', 'system:role:create', 2, 1, 16, '', NULL, NULL, 0, '2020-04-27 20:49:43', '2020-07-14 07:06:41', b'0');
INSERT INTO `mall_system`.`permission_resource`(`id`, `name`, `permission`, `type`, `sort`, `pid`, `route`, `icon`, `view`, `create_admin_id`, `create_time`, `update_time`, `deleted`) VALUES (60, '更新角色', 'system:role:update', 2, 2, 16, '', NULL, NULL, 0, '2020-04-27 20:50:15', '2020-04-28 09:51:33', b'0');
INSERT INTO `mall_system`.`permission_resource`(`id`, `name`, `permission`, `type`, `sort`, `pid`, `route`, `icon`, `view`, `create_admin_id`, `create_time`, `update_time`, `deleted`) VALUES (62, '分配管理员角色', 'assign-role-resource', 2, 4, 14, '', NULL, NULL, 0, '2020-04-29 18:41:08', '2020-07-13 22:44:22', b'0');
INSERT INTO `mall_system`.`permission_resource`(`id`, `name`, `permission`, `type`, `sort`, `pid`, `route`, `icon`, `view`, `create_admin_id`, `create_time`, `update_time`, `deleted`) VALUES (69, '23', NULL, 2, 1, 31, NULL, NULL, NULL, 1, '2020-07-11 17:03:30', '2020-07-12 00:06:35', b'1');
INSERT INTO `mall_system`.`permission_resource`(`id`, `name`, `permission`, `type`, `sort`, `pid`, `route`, `icon`, `view`, `create_admin_id`, `create_time`, `update_time`, `deleted`) VALUES (70, '123', NULL, 2, 1, 51, NULL, NULL, NULL, 1, '2020-07-11 17:31:30', '2020-07-11 17:31:30', b'0');
INSERT INTO `mall_system`.`permission_resource`(`id`, `name`, `permission`, `type`, `sort`, `pid`, `route`, `icon`, `view`, `create_admin_id`, `create_time`, `update_time`, `deleted`) VALUES (71, '1', NULL, 2, 1, 31, NULL, NULL, NULL, 1, '2020-07-11 17:38:25', '2020-07-12 00:06:37', b'1');
INSERT INTO `mall_system`.`permission_resource`(`id`, `name`, `permission`, `type`, `sort`, `pid`, `route`, `icon`, `view`, `create_admin_id`, `create_time`, `update_time`, `deleted`) VALUES (72, '测试菜单', NULL, 1, 1, 0, 'test', NULL, 'ooxx', 1, '2020-07-11 18:02:23', '2020-07-12 00:06:13', b'1');
INSERT INTO `mall_system`.`permission_resource`(`id`, `name`, `permission`, `type`, `sort`, `pid`, `route`, `icon`, `view`, `create_admin_id`, `create_time`, `update_time`, `deleted`) VALUES (73, '测试按钮', NULL, 2, 1, 0, NULL, NULL, NULL, 1, '2020-07-11 23:56:45', '2020-07-12 00:06:08', b'1');
INSERT INTO `mall_system`.`permission_resource`(`id`, `name`, `permission`, `type`, `sort`, `pid`, `route`, `icon`, `view`, `create_admin_id`, `create_time`, `update_time`, `deleted`) VALUES (74, 'biu', NULL, 1, 1, 0, '11', NULL, NULL, 1, '2020-07-12 00:05:51', '2020-07-12 00:06:06', b'1');
INSERT INTO `mall_system`.`permission_resource`(`id`, `name`, `permission`, `type`, `sort`, `pid`, `route`, `icon`, `view`, `create_admin_id`, `create_time`, `update_time`, `deleted`) VALUES (75, '修改员工', 'system:admin:update', 2, 2, 14, NULL, NULL, NULL, 1, '2020-07-13 22:33:14', '2020-07-13 22:33:14', b'0');
INSERT INTO `mall_system`.`permission_resource`(`id`, `name`, `permission`, `type`, `sort`, `pid`, `route`, `icon`, `view`, `create_admin_id`, `create_time`, `update_time`, `deleted`) VALUES (76, '开启或禁用员工', 'system:admin:update-status', 2, 3, 14, NULL, NULL, NULL, 1, '2020-07-13 22:33:35', '2020-07-13 22:33:35', b'0');
INSERT INTO `mall_system`.`permission_resource`(`id`, `name`, `permission`, `type`, `sort`, `pid`, `route`, `icon`, `view`, `create_admin_id`, `create_time`, `update_time`, `deleted`) VALUES (77, '删除角色', 'system:role:delete', 2, 3, 16, NULL, NULL, NULL, 1, '2020-07-13 22:40:20', '2020-07-13 22:40:20', b'0');
INSERT INTO `mall_system`.`permission_resource`(`id`, `name`, `permission`, `type`, `sort`, `pid`, `route`, `icon`, `view`, `create_admin_id`, `create_time`, `update_time`, `deleted`) VALUES (78, '部门列表', 'system:department:tree', 1, 2, 13, 'department-list', 'el-icon-refrigerator', 'admin/department/index', 1, '2020-07-14 13:36:04', '2020-07-14 13:36:04', b'0');
INSERT INTO `mall_system`.`permission_resource`(`id`, `name`, `permission`, `type`, `sort`, `pid`, `route`, `icon`, `view`, `create_admin_id`, `create_time`, `update_time`, `deleted`) VALUES (79, '新建部门', 'system:department:create', 2, 1, 78, NULL, NULL, NULL, 1, '2020-07-14 13:44:32', '2020-07-14 13:44:32', b'0');
INSERT INTO `mall_system`.`permission_resource`(`id`, `name`, `permission`, `type`, `sort`, `pid`, `route`, `icon`, `view`, `create_admin_id`, `create_time`, `update_time`, `deleted`) VALUES (80, '修改部门', 'system:department:update', 2, 2, 78, NULL, NULL, NULL, 1, '2020-07-14 13:45:15', '2020-07-14 13:45:15', b'0');
INSERT INTO `mall_system`.`permission_resource`(`id`, `name`, `permission`, `type`, `sort`, `pid`, `route`, `icon`, `view`, `create_admin_id`, `create_time`, `update_time`, `deleted`) VALUES (81, '删除部门', 'system:department:delete', 2, 3, 78, NULL, NULL, NULL, 1, '2020-07-14 13:47:40', '2020-07-14 13:47:40', b'0');
INSERT INTO `mall_system`.`permission_resource`(`id`, `name`, `permission`, `type`, `sort`, `pid`, `route`, `icon`, `view`, `create_admin_id`, `create_time`, `update_time`, `deleted`) VALUES (82, '日志管理', NULL, 1, 9, 0, '/system-log', NULL, NULL, 1, '2020-07-15 17:44:33', '2020-07-15 17:44:53', b'0');
INSERT INTO `mall_system`.`permission_resource`(`id`, `name`, `permission`, `type`, `sort`, `pid`, `route`, `icon`, `view`, `create_admin_id`, `create_time`, `update_time`, `deleted`) VALUES (83, '访问日志', NULL, 1, 1, 82, 'system-access-log-list', NULL, 'system-log/system-access-log/index', 1, '2020-07-15 17:47:08', '2020-07-15 17:47:08', b'0');

-- ----------------------------
-- Table data for permission_role
-- ----------------------------

INSERT INTO `mall_system`.`permission_role`(`id`, `name`, `code`, `type`, `create_admin_id`, `create_time`, `update_time`, `deleted`) VALUES (1, '超级管理员', 'SUPER_ADMIN', 1, 0, '2019-02-24 09:03:51', '2020-04-30 16:53:38', b'0');
INSERT INTO `mall_system`.`permission_role`(`id`, `name`, `code`, `type`, `create_admin_id`, `create_time`, `update_time`, `deleted`) VALUES (13, '测试角色001', 'TEST', 2, 1, '2020-04-27 20:56:14', '2020-07-08 10:41:10', b'0');
INSERT INTO `mall_system`.`permission_role`(`id`, `name`, `code`, `type`, `create_admin_id`, `create_time`, `update_time`, `deleted`) VALUES (14, 'test', NULL, 2, 1, '2020-07-08 09:51:38', '2020-07-08 09:54:05', b'1');
INSERT INTO `mall_system`.`permission_role`(`id`, `name`, `code`, `type`, `create_admin_id`, `create_time`, `update_time`, `deleted`) VALUES (15, '测试角色哈', '123', 2, 1, '2020-07-12 21:20:17', '2020-07-12 21:37:01', b'1');
INSERT INTO `mall_system`.`permission_role`(`id`, `name`, `code`, `type`, `create_admin_id`, `create_time`, `update_time`, `deleted`) VALUES (16, '测试角色', NULL, 2, 32, '2020-07-14 07:04:20', '2020-07-14 07:04:20', b'0');

-- ----------------------------
-- Table data for permission_role_resource
-- ----------------------------

INSERT INTO `mall_system`.`permission_role_resource`(`id`, `role_id`, `resource_id`, `create_time`, `update_time`, `deleted`) VALUES (666, 1, 13, '2019-06-11 15:02:42', '2019-06-11 15:02:41', b'0');
INSERT INTO `mall_system`.`permission_role_resource`(`id`, `role_id`, `resource_id`, `create_time`, `update_time`, `deleted`) VALUES (667, 1, 14, '2019-06-11 15:02:42', '2019-06-11 15:02:41', b'0');
INSERT INTO `mall_system`.`permission_role_resource`(`id`, `role_id`, `resource_id`, `create_time`, `update_time`, `deleted`) VALUES (668, 1, 15, '2019-06-11 15:02:42', '2019-06-11 15:02:41', b'0');
INSERT INTO `mall_system`.`permission_role_resource`(`id`, `role_id`, `resource_id`, `create_time`, `update_time`, `deleted`) VALUES (669, 1, 16, '2019-06-11 15:02:42', '2019-06-11 15:02:41', b'0');
INSERT INTO `mall_system`.`permission_role_resource`(`id`, `role_id`, `resource_id`, `create_time`, `update_time`, `deleted`) VALUES (670, 1, 20, '2019-06-11 15:02:42', '2019-06-11 15:02:41', b'0');
INSERT INTO `mall_system`.`permission_role_resource`(`id`, `role_id`, `resource_id`, `create_time`, `update_time`, `deleted`) VALUES (671, 1, 21, '2019-06-11 15:02:42', '2019-06-11 15:02:41', b'0');
INSERT INTO `mall_system`.`permission_role_resource`(`id`, `role_id`, `resource_id`, `create_time`, `update_time`, `deleted`) VALUES (672, 1, 22, '2019-06-11 15:02:42', '2019-06-11 15:02:41', b'0');
INSERT INTO `mall_system`.`permission_role_resource`(`id`, `role_id`, `resource_id`, `create_time`, `update_time`, `deleted`) VALUES (673, 1, 23, '2019-06-11 15:02:42', '2019-06-11 15:02:41', b'0');
INSERT INTO `mall_system`.`permission_role_resource`(`id`, `role_id`, `resource_id`, `create_time`, `update_time`, `deleted`) VALUES (674, 1, 24, '2019-06-11 15:02:42', '2019-06-11 15:02:41', b'0');
INSERT INTO `mall_system`.`permission_role_resource`(`id`, `role_id`, `resource_id`, `create_time`, `update_time`, `deleted`) VALUES (675, 1, 25, '2019-06-11 15:02:42', '2019-06-11 15:02:41', b'0');
INSERT INTO `mall_system`.`permission_role_resource`(`id`, `role_id`, `resource_id`, `create_time`, `update_time`, `deleted`) VALUES (676, 1, 26, '2019-06-11 15:02:42', '2019-06-11 15:02:41', b'0');
INSERT INTO `mall_system`.`permission_role_resource`(`id`, `role_id`, `resource_id`, `create_time`, `update_time`, `deleted`) VALUES (677, 1, 27, '2019-06-11 15:02:42', '2019-06-11 15:02:41', b'0');
INSERT INTO `mall_system`.`permission_role_resource`(`id`, `role_id`, `resource_id`, `create_time`, `update_time`, `deleted`) VALUES (678, 1, 28, '2019-06-11 15:02:42', '2019-06-11 15:02:41', b'0');
INSERT INTO `mall_system`.`permission_role_resource`(`id`, `role_id`, `resource_id`, `create_time`, `update_time`, `deleted`) VALUES (679, 1, 29, '2019-06-11 15:02:42', '2019-06-11 15:02:41', b'0');
INSERT INTO `mall_system`.`permission_role_resource`(`id`, `role_id`, `resource_id`, `create_time`, `update_time`, `deleted`) VALUES (680, 1, 30, '2019-06-11 15:02:42', '2019-06-11 15:02:41', b'0');
INSERT INTO `mall_system`.`permission_role_resource`(`id`, `role_id`, `resource_id`, `create_time`, `update_time`, `deleted`) VALUES (681, 1, 31, '2019-06-11 15:02:42', '2019-06-11 15:02:41', b'0');
INSERT INTO `mall_system`.`permission_role_resource`(`id`, `role_id`, `resource_id`, `create_time`, `update_time`, `deleted`) VALUES (682, 1, 32, '2019-06-11 15:02:42', '2019-06-11 15:02:41', b'0');
INSERT INTO `mall_system`.`permission_role_resource`(`id`, `role_id`, `resource_id`, `create_time`, `update_time`, `deleted`) VALUES (683, 1, 33, '2019-06-11 15:02:42', '2019-06-11 15:02:41', b'0');
INSERT INTO `mall_system`.`permission_role_resource`(`id`, `role_id`, `resource_id`, `create_time`, `update_time`, `deleted`) VALUES (684, 1, 34, '2019-06-11 15:02:42', '2019-06-11 15:02:41', b'0');
INSERT INTO `mall_system`.`permission_role_resource`(`id`, `role_id`, `resource_id`, `create_time`, `update_time`, `deleted`) VALUES (685, 1, 41, '2019-06-11 15:02:42', '2019-06-11 15:02:41', b'0');
INSERT INTO `mall_system`.`permission_role_resource`(`id`, `role_id`, `resource_id`, `create_time`, `update_time`, `deleted`) VALUES (686, 1, 42, '2019-06-11 15:02:42', '2019-06-11 15:02:41', b'0');
INSERT INTO `mall_system`.`permission_role_resource`(`id`, `role_id`, `resource_id`, `create_time`, `update_time`, `deleted`) VALUES (687, 1, 43, '2019-06-11 15:02:42', '2019-06-11 15:02:41', b'0');
INSERT INTO `mall_system`.`permission_role_resource`(`id`, `role_id`, `resource_id`, `create_time`, `update_time`, `deleted`) VALUES (688, 1, 44, '2019-06-11 15:02:42', '2019-06-11 15:02:41', b'0');
INSERT INTO `mall_system`.`permission_role_resource`(`id`, `role_id`, `resource_id`, `create_time`, `update_time`, `deleted`) VALUES (689, 1, 45, '2019-06-11 15:02:42', '2019-06-11 15:02:41', b'0');
INSERT INTO `mall_system`.`permission_role_resource`(`id`, `role_id`, `resource_id`, `create_time`, `update_time`, `deleted`) VALUES (690, 1, 46, '2019-06-11 15:02:42', '2019-06-11 15:02:41', b'0');
INSERT INTO `mall_system`.`permission_role_resource`(`id`, `role_id`, `resource_id`, `create_time`, `update_time`, `deleted`) VALUES (691, 1, 47, '2019-06-11 15:02:42', '2019-06-11 15:02:41', b'0');
INSERT INTO `mall_system`.`permission_role_resource`(`id`, `role_id`, `resource_id`, `create_time`, `update_time`, `deleted`) VALUES (692, 1, 51, '2019-06-11 15:02:42', '2019-06-11 15:02:41', b'0');
INSERT INTO `mall_system`.`permission_role_resource`(`id`, `role_id`, `resource_id`, `create_time`, `update_time`, `deleted`) VALUES (693, 1, 52, '2019-06-11 15:02:42', '2019-06-11 15:02:41', b'0');
INSERT INTO `mall_system`.`permission_role_resource`(`id`, `role_id`, `resource_id`, `create_time`, `update_time`, `deleted`) VALUES (694, 1, 53, '2019-06-11 15:02:42', '2019-06-11 15:02:41', b'0');
INSERT INTO `mall_system`.`permission_role_resource`(`id`, `role_id`, `resource_id`, `create_time`, `update_time`, `deleted`) VALUES (695, 1, 19, '2019-06-11 15:02:42', '2019-06-11 15:02:41', b'0');
INSERT INTO `mall_system`.`permission_role_resource`(`id`, `role_id`, `resource_id`, `create_time`, `update_time`, `deleted`) VALUES (696, 1, 58, '2019-06-11 15:02:42', '2020-04-27 15:56:30', b'1');
INSERT INTO `mall_system`.`permission_role_resource`(`id`, `role_id`, `resource_id`, `create_time`, `update_time`, `deleted`) VALUES (743, 13, 52, '2020-04-28 20:55:18', '2020-07-13 09:20:04', b'1');
INSERT INTO `mall_system`.`permission_role_resource`(`id`, `role_id`, `resource_id`, `create_time`, `update_time`, `deleted`) VALUES (744, 13, 52, '2020-07-12 20:23:00', '2020-07-13 09:23:02', b'1');
INSERT INTO `mall_system`.`permission_role_resource`(`id`, `role_id`, `resource_id`, `create_time`, `update_time`, `deleted`) VALUES (745, 13, 53, '2020-07-12 20:23:00', '2020-07-13 09:23:02', b'1');
INSERT INTO `mall_system`.`permission_role_resource`(`id`, `role_id`, `resource_id`, `create_time`, `update_time`, `deleted`) VALUES (746, 13, 52, '2020-07-12 20:23:02', '2020-07-13 09:23:03', b'1');
INSERT INTO `mall_system`.`permission_role_resource`(`id`, `role_id`, `resource_id`, `create_time`, `update_time`, `deleted`) VALUES (747, 13, 53, '2020-07-12 20:23:02', '2020-07-13 09:23:03', b'1');
INSERT INTO `mall_system`.`permission_role_resource`(`id`, `role_id`, `resource_id`, `create_time`, `update_time`, `deleted`) VALUES (748, 13, 52, '2020-07-12 20:23:03', '2020-07-13 09:23:03', b'1');
INSERT INTO `mall_system`.`permission_role_resource`(`id`, `role_id`, `resource_id`, `create_time`, `update_time`, `deleted`) VALUES (749, 13, 53, '2020-07-12 20:23:03', '2020-07-13 09:23:03', b'1');
INSERT INTO `mall_system`.`permission_role_resource`(`id`, `role_id`, `resource_id`, `create_time`, `update_time`, `deleted`) VALUES (750, 13, 52, '2020-07-12 20:23:04', '2020-07-13 09:23:04', b'1');
INSERT INTO `mall_system`.`permission_role_resource`(`id`, `role_id`, `resource_id`, `create_time`, `update_time`, `deleted`) VALUES (751, 13, 53, '2020-07-12 20:23:04', '2020-07-13 09:23:04', b'1');
INSERT INTO `mall_system`.`permission_role_resource`(`id`, `role_id`, `resource_id`, `create_time`, `update_time`, `deleted`) VALUES (752, 13, 52, '2020-07-12 20:23:05', '2020-07-13 09:23:05', b'1');
INSERT INTO `mall_system`.`permission_role_resource`(`id`, `role_id`, `resource_id`, `create_time`, `update_time`, `deleted`) VALUES (753, 13, 53, '2020-07-12 20:23:05', '2020-07-13 09:23:05', b'1');
INSERT INTO `mall_system`.`permission_role_resource`(`id`, `role_id`, `resource_id`, `create_time`, `update_time`, `deleted`) VALUES (754, 13, 52, '2020-07-12 20:23:06', '2020-07-13 09:23:06', b'1');
INSERT INTO `mall_system`.`permission_role_resource`(`id`, `role_id`, `resource_id`, `create_time`, `update_time`, `deleted`) VALUES (755, 13, 53, '2020-07-12 20:23:06', '2020-07-13 09:23:06', b'1');
INSERT INTO `mall_system`.`permission_role_resource`(`id`, `role_id`, `resource_id`, `create_time`, `update_time`, `deleted`) VALUES (756, 13, 52, '2020-07-12 20:23:06', '2020-07-13 09:23:11', b'1');
INSERT INTO `mall_system`.`permission_role_resource`(`id`, `role_id`, `resource_id`, `create_time`, `update_time`, `deleted`) VALUES (757, 13, 53, '2020-07-12 20:23:06', '2020-07-13 09:23:11', b'1');
INSERT INTO `mall_system`.`permission_role_resource`(`id`, `role_id`, `resource_id`, `create_time`, `update_time`, `deleted`) VALUES (758, 13, 52, '2020-07-12 20:23:12', '2020-07-13 09:23:12', b'1');
INSERT INTO `mall_system`.`permission_role_resource`(`id`, `role_id`, `resource_id`, `create_time`, `update_time`, `deleted`) VALUES (759, 13, 53, '2020-07-12 20:23:12', '2020-07-13 09:23:12', b'1');
INSERT INTO `mall_system`.`permission_role_resource`(`id`, `role_id`, `resource_id`, `create_time`, `update_time`, `deleted`) VALUES (760, 13, 52, '2020-07-12 20:23:12', '2020-07-13 09:23:12', b'1');
INSERT INTO `mall_system`.`permission_role_resource`(`id`, `role_id`, `resource_id`, `create_time`, `update_time`, `deleted`) VALUES (761, 13, 53, '2020-07-12 20:23:12', '2020-07-13 09:23:12', b'1');
INSERT INTO `mall_system`.`permission_role_resource`(`id`, `role_id`, `resource_id`, `create_time`, `update_time`, `deleted`) VALUES (762, 13, 52, '2020-07-12 20:23:13', '2020-07-13 09:23:13', b'1');
INSERT INTO `mall_system`.`permission_role_resource`(`id`, `role_id`, `resource_id`, `create_time`, `update_time`, `deleted`) VALUES (763, 13, 53, '2020-07-12 20:23:13', '2020-07-13 09:23:13', b'1');
INSERT INTO `mall_system`.`permission_role_resource`(`id`, `role_id`, `resource_id`, `create_time`, `update_time`, `deleted`) VALUES (764, 13, 52, '2020-07-12 20:23:14', '2020-07-13 09:23:14', b'1');
INSERT INTO `mall_system`.`permission_role_resource`(`id`, `role_id`, `resource_id`, `create_time`, `update_time`, `deleted`) VALUES (765, 13, 53, '2020-07-12 20:23:14', '2020-07-13 09:23:14', b'1');
INSERT INTO `mall_system`.`permission_role_resource`(`id`, `role_id`, `resource_id`, `create_time`, `update_time`, `deleted`) VALUES (766, 13, 52, '2020-07-12 20:23:14', '2020-07-13 09:23:14', b'1');
INSERT INTO `mall_system`.`permission_role_resource`(`id`, `role_id`, `resource_id`, `create_time`, `update_time`, `deleted`) VALUES (767, 13, 53, '2020-07-12 20:23:14', '2020-07-13 09:23:14', b'1');
INSERT INTO `mall_system`.`permission_role_resource`(`id`, `role_id`, `resource_id`, `create_time`, `update_time`, `deleted`) VALUES (768, 13, 52, '2020-07-12 20:23:14', '2020-07-13 09:25:22', b'1');
INSERT INTO `mall_system`.`permission_role_resource`(`id`, `role_id`, `resource_id`, `create_time`, `update_time`, `deleted`) VALUES (769, 13, 53, '2020-07-12 20:23:14', '2020-07-13 09:25:22', b'1');
INSERT INTO `mall_system`.`permission_role_resource`(`id`, `role_id`, `resource_id`, `create_time`, `update_time`, `deleted`) VALUES (770, 13, 52, '2020-07-12 20:25:23', '2020-07-13 09:25:32', b'1');
INSERT INTO `mall_system`.`permission_role_resource`(`id`, `role_id`, `resource_id`, `create_time`, `update_time`, `deleted`) VALUES (771, 13, 53, '2020-07-12 20:25:23', '2020-07-13 09:25:32', b'1');
INSERT INTO `mall_system`.`permission_role_resource`(`id`, `role_id`, `resource_id`, `create_time`, `update_time`, `deleted`) VALUES (772, 13, 51, '2020-07-12 20:25:32', '2020-07-13 09:25:32', b'0');
INSERT INTO `mall_system`.`permission_role_resource`(`id`, `role_id`, `resource_id`, `create_time`, `update_time`, `deleted`) VALUES (773, 13, 52, '2020-07-12 20:25:32', '2020-07-13 09:25:32', b'0');
INSERT INTO `mall_system`.`permission_role_resource`(`id`, `role_id`, `resource_id`, `create_time`, `update_time`, `deleted`) VALUES (774, 13, 53, '2020-07-12 20:25:32', '2020-07-13 09:25:32', b'0');
INSERT INTO `mall_system`.`permission_role_resource`(`id`, `role_id`, `resource_id`, `create_time`, `update_time`, `deleted`) VALUES (775, 13, 70, '2020-07-12 20:25:32', '2020-07-13 09:25:32', b'0');
INSERT INTO `mall_system`.`permission_role_resource`(`id`, `role_id`, `resource_id`, `create_time`, `update_time`, `deleted`) VALUES (776, 16, 47, '2020-07-14 07:14:21', '2020-07-14 07:56:55', b'1');
INSERT INTO `mall_system`.`permission_role_resource`(`id`, `role_id`, `resource_id`, `create_time`, `update_time`, `deleted`) VALUES (777, 16, 75, '2020-07-14 07:56:55', '2020-07-14 08:02:12', b'1');
INSERT INTO `mall_system`.`permission_role_resource`(`id`, `role_id`, `resource_id`, `create_time`, `update_time`, `deleted`) VALUES (778, 16, 76, '2020-07-14 07:56:55', '2020-07-14 08:02:12', b'1');
INSERT INTO `mall_system`.`permission_role_resource`(`id`, `role_id`, `resource_id`, `create_time`, `update_time`, `deleted`) VALUES (779, 16, 14, '2020-07-14 07:56:55', '2020-07-14 08:02:12', b'1');
INSERT INTO `mall_system`.`permission_role_resource`(`id`, `role_id`, `resource_id`, `create_time`, `update_time`, `deleted`) VALUES (780, 16, 62, '2020-07-14 07:56:55', '2020-07-14 08:02:12', b'1');
INSERT INTO `mall_system`.`permission_role_resource`(`id`, `role_id`, `resource_id`, `create_time`, `update_time`, `deleted`) VALUES (781, 16, 47, '2020-07-14 07:56:55', '2020-07-14 08:02:12', b'1');
INSERT INTO `mall_system`.`permission_role_resource`(`id`, `role_id`, `resource_id`, `create_time`, `update_time`, `deleted`) VALUES (782, 16, 48, '2020-07-14 08:02:12', '2020-07-14 08:05:39', b'1');
INSERT INTO `mall_system`.`permission_role_resource`(`id`, `role_id`, `resource_id`, `create_time`, `update_time`, `deleted`) VALUES (783, 16, 49, '2020-07-14 08:02:12', '2020-07-14 08:05:39', b'1');
INSERT INTO `mall_system`.`permission_role_resource`(`id`, `role_id`, `resource_id`, `create_time`, `update_time`, `deleted`) VALUES (784, 16, 50, '2020-07-14 08:02:12', '2020-07-14 08:05:39', b'1');
INSERT INTO `mall_system`.`permission_role_resource`(`id`, `role_id`, `resource_id`, `create_time`, `update_time`, `deleted`) VALUES (785, 16, 19, '2020-07-14 08:02:12', '2020-07-14 08:05:39', b'1');
INSERT INTO `mall_system`.`permission_role_resource`(`id`, `role_id`, `resource_id`, `create_time`, `update_time`, `deleted`) VALUES (786, 16, 55, '2020-07-14 08:02:12', '2020-07-14 08:05:39', b'1');
INSERT INTO `mall_system`.`permission_role_resource`(`id`, `role_id`, `resource_id`, `create_time`, `update_time`, `deleted`) VALUES (787, 16, 59, '2020-07-14 08:02:12', '2020-07-14 08:05:39', b'1');
INSERT INTO `mall_system`.`permission_role_resource`(`id`, `role_id`, `resource_id`, `create_time`, `update_time`, `deleted`) VALUES (788, 16, 47, '2020-07-14 08:02:12', '2020-07-14 08:05:39', b'1');
INSERT INTO `mall_system`.`permission_role_resource`(`id`, `role_id`, `resource_id`, `create_time`, `update_time`, `deleted`) VALUES (789, 16, 13, '2020-07-14 08:05:40', '2020-07-14 08:33:33', b'1');
INSERT INTO `mall_system`.`permission_role_resource`(`id`, `role_id`, `resource_id`, `create_time`, `update_time`, `deleted`) VALUES (790, 16, 15, '2020-07-14 08:05:40', '2020-07-14 08:33:33', b'1');
INSERT INTO `mall_system`.`permission_role_resource`(`id`, `role_id`, `resource_id`, `create_time`, `update_time`, `deleted`) VALUES (791, 16, 13, '2020-07-14 08:34:03', '2020-07-14 08:34:21', b'1');
INSERT INTO `mall_system`.`permission_role_resource`(`id`, `role_id`, `resource_id`, `create_time`, `update_time`, `deleted`) VALUES (792, 16, 13, '2020-07-14 08:34:21', '2020-07-14 08:34:39', b'1');
INSERT INTO `mall_system`.`permission_role_resource`(`id`, `role_id`, `resource_id`, `create_time`, `update_time`, `deleted`) VALUES (793, 16, 15, '2020-07-14 08:34:21', '2020-07-14 08:34:39', b'1');
INSERT INTO `mall_system`.`permission_role_resource`(`id`, `role_id`, `resource_id`, `create_time`, `update_time`, `deleted`) VALUES (794, 16, 13, '2020-07-14 08:34:39', '2020-07-14 08:34:50', b'1');
INSERT INTO `mall_system`.`permission_role_resource`(`id`, `role_id`, `resource_id`, `create_time`, `update_time`, `deleted`) VALUES (795, 16, 13, '2020-07-14 08:34:50', '2020-07-14 08:36:09', b'1');
INSERT INTO `mall_system`.`permission_role_resource`(`id`, `role_id`, `resource_id`, `create_time`, `update_time`, `deleted`) VALUES (796, 16, 15, '2020-07-14 08:34:50', '2020-07-14 08:36:09', b'1');
INSERT INTO `mall_system`.`permission_role_resource`(`id`, `role_id`, `resource_id`, `create_time`, `update_time`, `deleted`) VALUES (797, 16, 13, '2020-07-14 08:36:09', '2020-07-14 08:47:07', b'1');
INSERT INTO `mall_system`.`permission_role_resource`(`id`, `role_id`, `resource_id`, `create_time`, `update_time`, `deleted`) VALUES (798, 16, 15, '2020-07-14 08:36:09', '2020-07-14 08:47:07', b'1');
INSERT INTO `mall_system`.`permission_role_resource`(`id`, `role_id`, `resource_id`, `create_time`, `update_time`, `deleted`) VALUES (799, 16, 56, '2020-07-14 08:47:07', '2020-07-14 08:47:29', b'1');
INSERT INTO `mall_system`.`permission_role_resource`(`id`, `role_id`, `resource_id`, `create_time`, `update_time`, `deleted`) VALUES (800, 16, 57, '2020-07-14 08:47:07', '2020-07-14 08:47:29', b'1');
INSERT INTO `mall_system`.`permission_role_resource`(`id`, `role_id`, `resource_id`, `create_time`, `update_time`, `deleted`) VALUES (801, 16, 13, '2020-07-14 08:47:07', '2020-07-14 08:47:29', b'1');
INSERT INTO `mall_system`.`permission_role_resource`(`id`, `role_id`, `resource_id`, `create_time`, `update_time`, `deleted`) VALUES (802, 16, 15, '2020-07-14 08:47:07', '2020-07-14 08:47:29', b'1');
INSERT INTO `mall_system`.`permission_role_resource`(`id`, `role_id`, `resource_id`, `create_time`, `update_time`, `deleted`) VALUES (803, 16, 56, '2020-07-14 08:47:29', '2020-07-14 09:10:23', b'1');
INSERT INTO `mall_system`.`permission_role_resource`(`id`, `role_id`, `resource_id`, `create_time`, `update_time`, `deleted`) VALUES (804, 16, 13, '2020-07-14 08:47:29', '2020-07-14 09:10:23', b'1');
INSERT INTO `mall_system`.`permission_role_resource`(`id`, `role_id`, `resource_id`, `create_time`, `update_time`, `deleted`) VALUES (805, 16, 15, '2020-07-14 08:47:29', '2020-07-14 09:10:23', b'1');
INSERT INTO `mall_system`.`permission_role_resource`(`id`, `role_id`, `resource_id`, `create_time`, `update_time`, `deleted`) VALUES (806, 16, 75, '2020-07-14 09:10:23', '2020-07-14 09:16:32', b'1');
INSERT INTO `mall_system`.`permission_role_resource`(`id`, `role_id`, `resource_id`, `create_time`, `update_time`, `deleted`) VALUES (807, 16, 76, '2020-07-14 09:10:23', '2020-07-14 09:16:32', b'1');
INSERT INTO `mall_system`.`permission_role_resource`(`id`, `role_id`, `resource_id`, `create_time`, `update_time`, `deleted`) VALUES (808, 16, 77, '2020-07-14 09:10:23', '2020-07-14 09:16:32', b'1');
INSERT INTO `mall_system`.`permission_role_resource`(`id`, `role_id`, `resource_id`, `create_time`, `update_time`, `deleted`) VALUES (809, 16, 13, '2020-07-14 09:10:23', '2020-07-14 09:16:32', b'1');
INSERT INTO `mall_system`.`permission_role_resource`(`id`, `role_id`, `resource_id`, `create_time`, `update_time`, `deleted`) VALUES (810, 16, 47, '2020-07-14 09:10:23', '2020-07-14 09:16:32', b'1');
INSERT INTO `mall_system`.`permission_role_resource`(`id`, `role_id`, `resource_id`, `create_time`, `update_time`, `deleted`) VALUES (811, 16, 16, '2020-07-14 09:10:23', '2020-07-14 09:16:32', b'1');
INSERT INTO `mall_system`.`permission_role_resource`(`id`, `role_id`, `resource_id`, `create_time`, `update_time`, `deleted`) VALUES (812, 16, 48, '2020-07-14 09:10:23', '2020-07-14 09:16:32', b'1');
INSERT INTO `mall_system`.`permission_role_resource`(`id`, `role_id`, `resource_id`, `create_time`, `update_time`, `deleted`) VALUES (813, 16, 49, '2020-07-14 09:10:23', '2020-07-14 09:16:32', b'1');
INSERT INTO `mall_system`.`permission_role_resource`(`id`, `role_id`, `resource_id`, `create_time`, `update_time`, `deleted`) VALUES (814, 16, 50, '2020-07-14 09:10:23', '2020-07-14 09:16:32', b'1');
INSERT INTO `mall_system`.`permission_role_resource`(`id`, `role_id`, `resource_id`, `create_time`, `update_time`, `deleted`) VALUES (815, 16, 55, '2020-07-14 09:10:23', '2020-07-14 09:16:32', b'1');
INSERT INTO `mall_system`.`permission_role_resource`(`id`, `role_id`, `resource_id`, `create_time`, `update_time`, `deleted`) VALUES (816, 16, 56, '2020-07-14 09:10:23', '2020-07-14 09:16:32', b'1');
INSERT INTO `mall_system`.`permission_role_resource`(`id`, `role_id`, `resource_id`, `create_time`, `update_time`, `deleted`) VALUES (817, 16, 57, '2020-07-14 09:10:23', '2020-07-14 09:16:32', b'1');
INSERT INTO `mall_system`.`permission_role_resource`(`id`, `role_id`, `resource_id`, `create_time`, `update_time`, `deleted`) VALUES (818, 16, 59, '2020-07-14 09:10:23', '2020-07-14 09:16:32', b'1');
INSERT INTO `mall_system`.`permission_role_resource`(`id`, `role_id`, `resource_id`, `create_time`, `update_time`, `deleted`) VALUES (819, 16, 60, '2020-07-14 09:10:23', '2020-07-14 09:16:32', b'1');
INSERT INTO `mall_system`.`permission_role_resource`(`id`, `role_id`, `resource_id`, `create_time`, `update_time`, `deleted`) VALUES (820, 16, 62, '2020-07-14 09:10:23', '2020-07-14 09:16:32', b'1');
INSERT INTO `mall_system`.`permission_role_resource`(`id`, `role_id`, `resource_id`, `create_time`, `update_time`, `deleted`) VALUES (821, 16, 48, '2020-07-14 09:16:32', '2020-07-14 09:16:46', b'1');
INSERT INTO `mall_system`.`permission_role_resource`(`id`, `role_id`, `resource_id`, `create_time`, `update_time`, `deleted`) VALUES (822, 16, 49, '2020-07-14 09:16:32', '2020-07-14 09:16:46', b'1');
INSERT INTO `mall_system`.`permission_role_resource`(`id`, `role_id`, `resource_id`, `create_time`, `update_time`, `deleted`) VALUES (823, 16, 50, '2020-07-14 09:16:32', '2020-07-14 09:16:46', b'1');
INSERT INTO `mall_system`.`permission_role_resource`(`id`, `role_id`, `resource_id`, `create_time`, `update_time`, `deleted`) VALUES (824, 16, 55, '2020-07-14 09:16:32', '2020-07-14 09:16:46', b'1');
INSERT INTO `mall_system`.`permission_role_resource`(`id`, `role_id`, `resource_id`, `create_time`, `update_time`, `deleted`) VALUES (825, 16, 56, '2020-07-14 09:16:32', '2020-07-14 09:16:46', b'1');
INSERT INTO `mall_system`.`permission_role_resource`(`id`, `role_id`, `resource_id`, `create_time`, `update_time`, `deleted`) VALUES (826, 16, 57, '2020-07-14 09:16:32', '2020-07-14 09:16:46', b'1');
INSERT INTO `mall_system`.`permission_role_resource`(`id`, `role_id`, `resource_id`, `create_time`, `update_time`, `deleted`) VALUES (827, 16, 75, '2020-07-14 09:16:32', '2020-07-14 09:16:46', b'1');
INSERT INTO `mall_system`.`permission_role_resource`(`id`, `role_id`, `resource_id`, `create_time`, `update_time`, `deleted`) VALUES (828, 16, 76, '2020-07-14 09:16:32', '2020-07-14 09:16:46', b'1');
INSERT INTO `mall_system`.`permission_role_resource`(`id`, `role_id`, `resource_id`, `create_time`, `update_time`, `deleted`) VALUES (829, 16, 60, '2020-07-14 09:16:32', '2020-07-14 09:16:46', b'1');
INSERT INTO `mall_system`.`permission_role_resource`(`id`, `role_id`, `resource_id`, `create_time`, `update_time`, `deleted`) VALUES (830, 16, 77, '2020-07-14 09:16:32', '2020-07-14 09:16:46', b'1');
INSERT INTO `mall_system`.`permission_role_resource`(`id`, `role_id`, `resource_id`, `create_time`, `update_time`, `deleted`) VALUES (831, 16, 62, '2020-07-14 09:16:32', '2020-07-14 09:16:46', b'1');
INSERT INTO `mall_system`.`permission_role_resource`(`id`, `role_id`, `resource_id`, `create_time`, `update_time`, `deleted`) VALUES (832, 16, 47, '2020-07-14 09:16:32', '2020-07-14 09:16:46', b'1');
INSERT INTO `mall_system`.`permission_role_resource`(`id`, `role_id`, `resource_id`, `create_time`, `update_time`, `deleted`) VALUES (833, 16, 60, '2020-07-14 09:16:46', '2020-07-14 09:18:01', b'1');
INSERT INTO `mall_system`.`permission_role_resource`(`id`, `role_id`, `resource_id`, `create_time`, `update_time`, `deleted`) VALUES (834, 16, 77, '2020-07-14 09:16:46', '2020-07-14 09:18:01', b'1');
INSERT INTO `mall_system`.`permission_role_resource`(`id`, `role_id`, `resource_id`, `create_time`, `update_time`, `deleted`) VALUES (835, 16, 59, '2020-07-14 09:18:01', '2020-07-14 09:18:29', b'1');
INSERT INTO `mall_system`.`permission_role_resource`(`id`, `role_id`, `resource_id`, `create_time`, `update_time`, `deleted`) VALUES (836, 16, 60, '2020-07-14 09:18:01', '2020-07-14 09:18:29', b'1');
INSERT INTO `mall_system`.`permission_role_resource`(`id`, `role_id`, `resource_id`, `create_time`, `update_time`, `deleted`) VALUES (837, 16, 77, '2020-07-14 09:18:01', '2020-07-14 09:18:29', b'1');
INSERT INTO `mall_system`.`permission_role_resource`(`id`, `role_id`, `resource_id`, `create_time`, `update_time`, `deleted`) VALUES (838, 16, 75, '2020-07-14 09:18:29', '2020-07-14 09:19:50', b'1');
INSERT INTO `mall_system`.`permission_role_resource`(`id`, `role_id`, `resource_id`, `create_time`, `update_time`, `deleted`) VALUES (839, 16, 59, '2020-07-14 09:18:29', '2020-07-14 09:19:50', b'1');
INSERT INTO `mall_system`.`permission_role_resource`(`id`, `role_id`, `resource_id`, `create_time`, `update_time`, `deleted`) VALUES (840, 16, 76, '2020-07-14 09:18:29', '2020-07-14 09:19:50', b'1');
INSERT INTO `mall_system`.`permission_role_resource`(`id`, `role_id`, `resource_id`, `create_time`, `update_time`, `deleted`) VALUES (841, 16, 60, '2020-07-14 09:18:29', '2020-07-14 09:19:50', b'1');
INSERT INTO `mall_system`.`permission_role_resource`(`id`, `role_id`, `resource_id`, `create_time`, `update_time`, `deleted`) VALUES (842, 16, 77, '2020-07-14 09:18:29', '2020-07-14 09:19:50', b'1');
INSERT INTO `mall_system`.`permission_role_resource`(`id`, `role_id`, `resource_id`, `create_time`, `update_time`, `deleted`) VALUES (843, 16, 62, '2020-07-14 09:18:29', '2020-07-14 09:19:50', b'1');
INSERT INTO `mall_system`.`permission_role_resource`(`id`, `role_id`, `resource_id`, `create_time`, `update_time`, `deleted`) VALUES (844, 16, 47, '2020-07-14 09:18:29', '2020-07-14 09:19:50', b'1');
INSERT INTO `mall_system`.`permission_role_resource`(`id`, `role_id`, `resource_id`, `create_time`, `update_time`, `deleted`) VALUES (845, 16, 59, '2020-07-14 09:19:50', '2020-07-14 09:19:58', b'1');
INSERT INTO `mall_system`.`permission_role_resource`(`id`, `role_id`, `resource_id`, `create_time`, `update_time`, `deleted`) VALUES (846, 16, 60, '2020-07-14 09:19:50', '2020-07-14 09:19:58', b'1');
INSERT INTO `mall_system`.`permission_role_resource`(`id`, `role_id`, `resource_id`, `create_time`, `update_time`, `deleted`) VALUES (847, 16, 77, '2020-07-14 09:19:50', '2020-07-14 09:19:58', b'1');
INSERT INTO `mall_system`.`permission_role_resource`(`id`, `role_id`, `resource_id`, `create_time`, `update_time`, `deleted`) VALUES (848, 16, 59, '2020-07-14 09:19:58', '2020-07-14 09:20:02', b'1');
INSERT INTO `mall_system`.`permission_role_resource`(`id`, `role_id`, `resource_id`, `create_time`, `update_time`, `deleted`) VALUES (849, 16, 60, '2020-07-14 09:19:58', '2020-07-14 09:20:02', b'1');
INSERT INTO `mall_system`.`permission_role_resource`(`id`, `role_id`, `resource_id`, `create_time`, `update_time`, `deleted`) VALUES (850, 16, 77, '2020-07-14 09:19:58', '2020-07-14 09:20:02', b'1');
INSERT INTO `mall_system`.`permission_role_resource`(`id`, `role_id`, `resource_id`, `create_time`, `update_time`, `deleted`) VALUES (851, 16, 59, '2020-07-14 09:20:02', '2020-07-14 09:21:21', b'1');
INSERT INTO `mall_system`.`permission_role_resource`(`id`, `role_id`, `resource_id`, `create_time`, `update_time`, `deleted`) VALUES (852, 16, 60, '2020-07-14 09:20:02', '2020-07-14 09:21:21', b'1');
INSERT INTO `mall_system`.`permission_role_resource`(`id`, `role_id`, `resource_id`, `create_time`, `update_time`, `deleted`) VALUES (853, 16, 77, '2020-07-14 09:20:02', '2020-07-14 09:21:21', b'1');
INSERT INTO `mall_system`.`permission_role_resource`(`id`, `role_id`, `resource_id`, `create_time`, `update_time`, `deleted`) VALUES (854, 16, 47, '2020-07-14 09:20:02', '2020-07-14 09:21:21', b'1');
INSERT INTO `mall_system`.`permission_role_resource`(`id`, `role_id`, `resource_id`, `create_time`, `update_time`, `deleted`) VALUES (855, 16, 75, '2020-07-14 09:21:21', '2020-07-14 09:21:21', b'0');
INSERT INTO `mall_system`.`permission_role_resource`(`id`, `role_id`, `resource_id`, `create_time`, `update_time`, `deleted`) VALUES (856, 16, 59, '2020-07-14 09:21:21', '2020-07-14 09:21:21', b'0');
INSERT INTO `mall_system`.`permission_role_resource`(`id`, `role_id`, `resource_id`, `create_time`, `update_time`, `deleted`) VALUES (857, 16, 60, '2020-07-14 09:21:21', '2020-07-14 09:21:21', b'0');
INSERT INTO `mall_system`.`permission_role_resource`(`id`, `role_id`, `resource_id`, `create_time`, `update_time`, `deleted`) VALUES (858, 16, 77, '2020-07-14 09:21:21', '2020-07-14 09:21:21', b'0');
INSERT INTO `mall_system`.`permission_role_resource`(`id`, `role_id`, `resource_id`, `create_time`, `update_time`, `deleted`) VALUES (859, 16, 47, '2020-07-14 09:21:21', '2020-07-14 09:21:21', b'0');

-- ----------------------------
-- Table data for system_data_dict
-- ----------------------------

INSERT INTO `mall_system`.`system_data_dict`(`id`, `enum_value`, `value`, `display_name`, `sort`, `memo`, `create_time`, `update_time`, `deleted`) VALUES (1, 'gender', '1', '男', 1, '性别 - 男（嗨）', '2019-03-03 13:03:46', '2019-03-15 16:51:45', b'0');
INSERT INTO `mall_system`.`system_data_dict`(`id`, `enum_value`, `value`, `display_name`, `sort`, `memo`, `create_time`, `update_time`, `deleted`) VALUES (2, 'gender', '2', '女', 2, '性别（女）', '2019-03-03 13:04:00', '2019-03-15 17:19:20', b'0');
INSERT INTO `mall_system`.`system_data_dict`(`id`, `enum_value`, `value`, `display_name`, `sort`, `memo`, `create_time`, `update_time`, `deleted`) VALUES (3, 'gender', '3', '未知', 10, NULL, '2019-03-02 23:09:19', '2019-03-03 13:11:47', b'1');
INSERT INTO `mall_system`.`system_data_dict`(`id`, `enum_value`, `value`, `display_name`, `sort`, `memo`, `create_time`, `update_time`, `deleted`) VALUES (4, 'common_status', '1', '开启', 1, '状态 - 开启', '2019-03-15 17:28:08', '2019-03-15 17:28:07', b'0');
INSERT INTO `mall_system`.`system_data_dict`(`id`, `enum_value`, `value`, `display_name`, `sort`, `memo`, `create_time`, `update_time`, `deleted`) VALUES (5, 'common_status', '2', '禁用', 2, '状态 - 禁用', '2019-03-15 17:28:54', '2019-03-15 17:28:54', b'0');
INSERT INTO `mall_system`.`system_data_dict`(`id`, `enum_value`, `value`, `display_name`, `sort`, `memo`, `create_time`, `update_time`, `deleted`) VALUES (6, 'test', '1', '测试', 1, '你猜', '2019-03-15 17:36:54', '2019-03-15 17:36:59', b'1');
INSERT INTO `mall_system`.`system_data_dict`(`id`, `enum_value`, `value`, `display_name`, `sort`, `memo`, `create_time`, `update_time`, `deleted`) VALUES (7, 'test', '1', '测试', 1, '1', '2019-03-15 17:37:13', '2019-03-15 18:46:21', b'1');
INSERT INTO `mall_system`.`system_data_dict`(`id`, `enum_value`, `value`, `display_name`, `sort`, `memo`, `create_time`, `update_time`, `deleted`) VALUES (8, 'delete_status', '0', '未删除', 0, '正常/未删除', '2019-03-22 21:20:59', '2019-03-22 21:20:59', b'0');
INSERT INTO `mall_system`.`system_data_dict`(`id`, `enum_value`, `value`, `display_name`, `sort`, `memo`, `create_time`, `update_time`, `deleted`) VALUES (9, 'delete_status', '1', '删除', 1, '删除', '2019-03-22 21:23:20', '2019-03-22 21:23:20', b'0');
INSERT INTO `mall_system`.`system_data_dict`(`id`, `enum_value`, `value`, `display_name`, `sort`, `memo`, `create_time`, `update_time`, `deleted`) VALUES (10, 'order_status', '1', '等待付款', 1, '订单状态', '2019-03-24 16:17:55', '2019-03-24 16:20:24', b'0');
INSERT INTO `mall_system`.`system_data_dict`(`id`, `enum_value`, `value`, `display_name`, `sort`, `memo`, `create_time`, `update_time`, `deleted`) VALUES (11, 'order_status', '2', '等待发货', 2, '	等待发货', '2019-03-24 16:18:39', '2019-03-24 16:20:14', b'0');
INSERT INTO `mall_system`.`system_data_dict`(`id`, `enum_value`, `value`, `display_name`, `sort`, `memo`, `create_time`, `update_time`, `deleted`) VALUES (12, 'order_status', '3', '已发货', 3, '已发货', '2019-03-24 16:19:14', '2019-03-24 16:20:07', b'0');
INSERT INTO `mall_system`.`system_data_dict`(`id`, `enum_value`, `value`, `display_name`, `sort`, `memo`, `create_time`, `update_time`, `deleted`) VALUES (13, 'order_status', '4', '已完成', 4, '	已完成', '2019-03-24 16:19:37', '2019-03-24 16:20:03', b'0');
INSERT INTO `mall_system`.`system_data_dict`(`id`, `enum_value`, `value`, `display_name`, `sort`, `memo`, `create_time`, `update_time`, `deleted`) VALUES (14, 'order_status', '5', '已关闭', 5, '已关闭', '2019-03-24 16:19:50', '2019-03-24 16:19:50', b'0');
INSERT INTO `mall_system`.`system_data_dict`(`id`, `enum_value`, `value`, `display_name`, `sort`, `memo`, `create_time`, `update_time`, `deleted`) VALUES (15, 'order_has_return_exchange', '1', '无退换货', 1, '.', '2019-03-24 16:51:27', '2019-03-24 16:51:26', b'0');
INSERT INTO `mall_system`.`system_data_dict`(`id`, `enum_value`, `value`, `display_name`, `sort`, `memo`, `create_time`, `update_time`, `deleted`) VALUES (16, 'order_has_return_exchange', '2', '退货', 2, '.', '2019-03-24 16:51:36', '2019-03-24 16:51:35', b'0');
INSERT INTO `mall_system`.`system_data_dict`(`id`, `enum_value`, `value`, `display_name`, `sort`, `memo`, `create_time`, `update_time`, `deleted`) VALUES (17, 'order_has_return_exchange', '3', '换货', 3, '.', '2019-03-24 16:51:45', '2019-03-24 16:51:44', b'0');
INSERT INTO `mall_system`.`system_data_dict`(`id`, `enum_value`, `value`, `display_name`, `sort`, `memo`, `create_time`, `update_time`, `deleted`) VALUES (18, 'order_has_return_exchange', '4', '退换货', 4, '。', '2019-03-24 16:52:01', '2019-03-24 16:52:00', b'0');
INSERT INTO `mall_system`.`system_data_dict`(`id`, `enum_value`, `value`, `display_name`, `sort`, `memo`, `create_time`, `update_time`, `deleted`) VALUES (19, 'order_cancel_reasons', '1', '无法联系上买家', 1, '.', '2019-03-30 15:19:18', '2019-03-30 15:19:17', b'0');
INSERT INTO `mall_system`.`system_data_dict`(`id`, `enum_value`, `value`, `display_name`, `sort`, `memo`, `create_time`, `update_time`, `deleted`) VALUES (20, 'order_cancel_reasons', '2', '买家误拍或重拍了', 2, ',', '2019-03-30 15:19:31', '2019-03-30 15:19:30', b'0');
INSERT INTO `mall_system`.`system_data_dict`(`id`, `enum_value`, `value`, `display_name`, `sort`, `memo`, `create_time`, `update_time`, `deleted`) VALUES (21, 'order_cancel_reasons', '3', '买家无诚意完成交易', 3, '.', '2019-03-30 15:19:42', '2019-03-30 15:19:41', b'0');
INSERT INTO `mall_system`.`system_data_dict`(`id`, `enum_value`, `value`, `display_name`, `sort`, `memo`, `create_time`, `update_time`, `deleted`) VALUES (22, 'order_cancel_reasons', '4', '已通过银行线下汇款', 4, '.', '2019-03-30 15:19:56', '2019-03-30 15:19:56', b'0');
INSERT INTO `mall_system`.`system_data_dict`(`id`, `enum_value`, `value`, `display_name`, `sort`, `memo`, `create_time`, `update_time`, `deleted`) VALUES (23, 'order_cancel_reasons', '5', '已通过同城见面交易', 5, '.', '2019-03-30 15:20:21', '2019-03-30 15:20:21', b'0');
INSERT INTO `mall_system`.`system_data_dict`(`id`, `enum_value`, `value`, `display_name`, `sort`, `memo`, `create_time`, `update_time`, `deleted`) VALUES (24, 'order_cancel_reasons', '6', '已通过货到付款交易', 6, '.', '2019-03-30 15:20:37', '2019-03-30 15:20:37', b'0');
INSERT INTO `mall_system`.`system_data_dict`(`id`, `enum_value`, `value`, `display_name`, `sort`, `memo`, `create_time`, `update_time`, `deleted`) VALUES (25, 'order_cancel_reasons', '7', '已通过网上银行直接汇款', 7, '.', '2019-03-30 15:20:48', '2019-03-30 15:20:47', b'0');
INSERT INTO `mall_system`.`system_data_dict`(`id`, `enum_value`, `value`, `display_name`, `sort`, `memo`, `create_time`, `update_time`, `deleted`) VALUES (26, 'order_cancel_reasons', '8', '已经缺货无法交易', 8, '.', '2019-03-30 15:21:01', '2019-03-30 15:21:01', b'0');
INSERT INTO `mall_system`.`system_data_dict`(`id`, `enum_value`, `value`, `display_name`, `sort`, `memo`, `create_time`, `update_time`, `deleted`) VALUES (27, 'order_cancel_reasons', '20', '其他', 20, '.', '2019-03-30 17:16:27', '2019-03-30 17:16:27', b'0');
INSERT INTO `mall_system`.`system_data_dict`(`id`, `enum_value`, `value`, `display_name`, `sort`, `memo`, `create_time`, `update_time`, `deleted`) VALUES (28, 'logistics_company', '1', '顺丰快递', 1, '.', '2019-04-05 16:26:22', '2019-04-05 16:26:22', b'0');
INSERT INTO `mall_system`.`system_data_dict`(`id`, `enum_value`, `value`, `display_name`, `sort`, `memo`, `create_time`, `update_time`, `deleted`) VALUES (29, 'logistics_company', '2', '顺风速运', 2, '.', '2019-04-05 16:26:40', '2019-04-05 16:27:48', b'0');
INSERT INTO `mall_system`.`system_data_dict`(`id`, `enum_value`, `value`, `display_name`, `sort`, `memo`, `create_time`, `update_time`, `deleted`) VALUES (30, 'logistics_company', '3', '圆通快递', 3, '.', '2019-04-05 16:26:57', '2019-04-05 16:26:56', b'0');
INSERT INTO `mall_system`.`system_data_dict`(`id`, `enum_value`, `value`, `display_name`, `sort`, `memo`, `create_time`, `update_time`, `deleted`) VALUES (31, 'logistics_company', '4', '申通快递', 4, '.', '2019-04-05 16:27:14', '2019-04-05 16:27:14', b'0');
INSERT INTO `mall_system`.`system_data_dict`(`id`, `enum_value`, `value`, `display_name`, `sort`, `memo`, `create_time`, `update_time`, `deleted`) VALUES (32, 'logistics_company', '5', 'EMS', 5, '.', '2019-04-05 16:28:00', '2019-04-05 16:28:00', b'0');
INSERT INTO `mall_system`.`system_data_dict`(`id`, `enum_value`, `value`, `display_name`, `sort`, `memo`, `create_time`, `update_time`, `deleted`) VALUES (33, 'logistics_company', '6', '申通快递', 6, '.', '2019-04-05 16:28:40', '2019-04-05 16:28:40', b'0');
INSERT INTO `mall_system`.`system_data_dict`(`id`, `enum_value`, `value`, `display_name`, `sort`, `memo`, `create_time`, `update_time`, `deleted`) VALUES (34, 'logistics_company', '7', '天天快递', 7, '.', '2019-04-05 16:28:51', '2019-04-05 16:28:51', b'0');
INSERT INTO `mall_system`.`system_data_dict`(`id`, `enum_value`, `value`, `display_name`, `sort`, `memo`, `create_time`, `update_time`, `deleted`) VALUES (35, 'logistics_company', '8', '环球速运', 8, '.', '2019-04-05 16:29:12', '2019-04-05 16:29:12', b'0');
INSERT INTO `mall_system`.`system_data_dict`(`id`, `enum_value`, `value`, `display_name`, `sort`, `memo`, `create_time`, `update_time`, `deleted`) VALUES (36, 'user_type', '1', '用户', 1, '用户类型 - 用户', '2019-04-11 17:48:29', '2020-07-15 18:46:42', b'0');
INSERT INTO `mall_system`.`system_data_dict`(`id`, `enum_value`, `value`, `display_name`, `sort`, `memo`, `create_time`, `update_time`, `deleted`) VALUES (37, 'order_return_reason', '0', '退货原因', 1, '退货原因', '2019-04-25 23:25:10', '2019-04-25 23:27:02', b'1');
INSERT INTO `mall_system`.`system_data_dict`(`id`, `enum_value`, `value`, `display_name`, `sort`, `memo`, `create_time`, `update_time`, `deleted`) VALUES (38, 'order_return_reason', '1', '不想要了', 1, '.', '2019-04-25 23:25:55', '2019-04-25 23:25:55', b'0');
INSERT INTO `mall_system`.`system_data_dict`(`id`, `enum_value`, `value`, `display_name`, `sort`, `memo`, `create_time`, `update_time`, `deleted`) VALUES (39, 'order_return_reason', '2', '多拍重拍', 2, '.', '2019-04-25 23:26:23', '2019-04-25 23:26:23', b'0');
INSERT INTO `mall_system`.`system_data_dict`(`id`, `enum_value`, `value`, `display_name`, `sort`, `memo`, `create_time`, `update_time`, `deleted`) VALUES (40, 'order_return_reason', '3', '少货', 3, '.', '2019-04-25 23:26:48', '2019-04-25 23:26:47', b'0');
INSERT INTO `mall_system`.`system_data_dict`(`id`, `enum_value`, `value`, `display_name`, `sort`, `memo`, `create_time`, `update_time`, `deleted`) VALUES (41, 'order_return_return_type', '-1', '订单退货类型', 1, '.', '2019-04-27 11:57:45', '2019-04-27 11:58:16', b'1');
INSERT INTO `mall_system`.`system_data_dict`(`id`, `enum_value`, `value`, `display_name`, `sort`, `memo`, `create_time`, `update_time`, `deleted`) VALUES (42, 'order_return_return_type', '1', '退货退款', 1, '.', '2019-04-27 11:58:05', '2019-04-27 12:12:01', b'1');
INSERT INTO `mall_system`.`system_data_dict`(`id`, `enum_value`, `value`, `display_name`, `sort`, `memo`, `create_time`, `update_time`, `deleted`) VALUES (43, 'order_return_return_type', '2', '退款', 2, '.', '2019-04-27 11:58:14', '2019-04-27 12:12:03', b'1');
INSERT INTO `mall_system`.`system_data_dict`(`id`, `enum_value`, `value`, `display_name`, `sort`, `memo`, `create_time`, `update_time`, `deleted`) VALUES (44, 'order_return_service_type', '1', '退货退款', 1, '.', '2019-04-27 12:12:26', '2019-04-27 12:12:25', b'0');
INSERT INTO `mall_system`.`system_data_dict`(`id`, `enum_value`, `value`, `display_name`, `sort`, `memo`, `create_time`, `update_time`, `deleted`) VALUES (45, 'order_return_service_type', '2', '退款', 2, '2', '2019-04-27 12:12:36', '2019-04-27 12:12:35', b'0');
INSERT INTO `mall_system`.`system_data_dict`(`id`, `enum_value`, `value`, `display_name`, `sort`, `memo`, `create_time`, `update_time`, `deleted`) VALUES (46, 'order_return_status', '1', '退货申请', 1, '1', '2019-05-06 22:50:06', '2019-05-06 22:50:05', b'0');
INSERT INTO `mall_system`.`system_data_dict`(`id`, `enum_value`, `value`, `display_name`, `sort`, `memo`, `create_time`, `update_time`, `deleted`) VALUES (47, 'order_return_status', '2', '2', 2, '2', '2019-05-06 22:50:46', '2019-05-06 22:51:57', b'1');
INSERT INTO `mall_system`.`system_data_dict`(`id`, `enum_value`, `value`, `display_name`, `sort`, `memo`, `create_time`, `update_time`, `deleted`) VALUES (48, 'order_return_status', '-1', '1', 1, '1', '2019-05-06 22:51:07', '2019-05-06 22:52:00', b'1');
INSERT INTO `mall_system`.`system_data_dict`(`id`, `enum_value`, `value`, `display_name`, `sort`, `memo`, `create_time`, `update_time`, `deleted`) VALUES (49, 'order_return_status', '0', '0', 0, '0', '2019-05-06 22:51:39', '2019-05-06 22:52:02', b'1');
INSERT INTO `mall_system`.`system_data_dict`(`id`, `enum_value`, `value`, `display_name`, `sort`, `memo`, `create_time`, `update_time`, `deleted`) VALUES (50, 'order_return_status', '2', '申请成功', 2, '.', '2019-05-06 22:52:13', '2019-05-06 22:52:12', b'0');
INSERT INTO `mall_system`.`system_data_dict`(`id`, `enum_value`, `value`, `display_name`, `sort`, `memo`, `create_time`, `update_time`, `deleted`) VALUES (51, 'order_return_status', '3', '申请失败', 3, '.', '2019-05-06 22:52:34', '2019-05-06 22:52:34', b'0');
INSERT INTO `mall_system`.`system_data_dict`(`id`, `enum_value`, `value`, `display_name`, `sort`, `memo`, `create_time`, `update_time`, `deleted`) VALUES (52, 'order_return_status', '4', '退货中', 4, '.', '2019-05-06 22:52:44', '2019-05-06 22:52:43', b'0');
INSERT INTO `mall_system`.`system_data_dict`(`id`, `enum_value`, `value`, `display_name`, `sort`, `memo`, `create_time`, `update_time`, `deleted`) VALUES (53, 'order_return_status', '5', '已收货', 5, '.', '2019-05-06 22:52:57', '2019-05-09 22:17:35', b'0');
INSERT INTO `mall_system`.`system_data_dict`(`id`, `enum_value`, `value`, `display_name`, `sort`, `memo`, `create_time`, `update_time`, `deleted`) VALUES (54, 'order_return_status', '6', '退款成功', 6, '.', '2019-05-09 22:17:52', '2019-05-09 22:17:51', b'0');
INSERT INTO `mall_system`.`system_data_dict`(`id`, `enum_value`, `value`, `display_name`, `sort`, `memo`, `create_time`, `update_time`, `deleted`) VALUES (55, 'sms_platform', '1', '云片', 1, '短信服务云片', '2019-05-26 15:09:37', '2019-05-26 15:09:37', b'0');
INSERT INTO `mall_system`.`system_data_dict`(`id`, `enum_value`, `value`, `display_name`, `sort`, `memo`, `create_time`, `update_time`, `deleted`) VALUES (56, 'sms_platform', '2', '阿里云', 2, '阿里云短信服务', '2019-05-26 15:09:56', '2019-05-26 15:09:56', b'0');
INSERT INTO `mall_system`.`system_data_dict`(`id`, `enum_value`, `value`, `display_name`, `sort`, `memo`, `create_time`, `update_time`, `deleted`) VALUES (57, 'sms_apply_status', '1', '审核中', 1, '审核中', '2019-05-26 15:11:27', '2019-05-26 15:11:27', b'0');
INSERT INTO `mall_system`.`system_data_dict`(`id`, `enum_value`, `value`, `display_name`, `sort`, `memo`, `create_time`, `update_time`, `deleted`) VALUES (58, 'sms_apply_status', '2', '审核成功', 2, '审核成功', '2019-05-26 15:11:40', '2019-05-26 15:11:40', b'0');
INSERT INTO `mall_system`.`system_data_dict`(`id`, `enum_value`, `value`, `display_name`, `sort`, `memo`, `create_time`, `update_time`, `deleted`) VALUES (59, 'sms_apply_status', '10', '审核失败', 10, '审核失败', '2019-05-26 15:12:10', '2019-05-26 15:12:10', b'0');
INSERT INTO `mall_system`.`system_data_dict`(`id`, `enum_value`, `value`, `display_name`, `sort`, `memo`, `create_time`, `update_time`, `deleted`) VALUES (60, 'sms_type', '1', '验证码', 1, '验证码', '2019-05-26 23:51:15', '2019-05-26 23:51:15', b'0');
INSERT INTO `mall_system`.`system_data_dict`(`id`, `enum_value`, `value`, `display_name`, `sort`, `memo`, `create_time`, `update_time`, `deleted`) VALUES (61, 'sms_type', '2', '通知', 2, '通知', '2019-05-26 23:51:29', '2019-05-26 23:51:28', b'0');
INSERT INTO `mall_system`.`system_data_dict`(`id`, `enum_value`, `value`, `display_name`, `sort`, `memo`, `create_time`, `update_time`, `deleted`) VALUES (62, 'sms_type', '3', '营销', 3, '营销', '2019-05-26 23:51:47', '2019-05-26 23:51:46', b'0');
INSERT INTO `mall_system`.`system_data_dict`(`id`, `enum_value`, `value`, `display_name`, `sort`, `memo`, `create_time`, `update_time`, `deleted`) VALUES (63, 'testOne', '2', '测试下', 1, '是冯绍峰是', '2020-07-15 11:27:34', '2020-07-15 11:27:57', b'1');
INSERT INTO `mall_system`.`system_data_dict`(`id`, `enum_value`, `value`, `display_name`, `sort`, `memo`, `create_time`, `update_time`, `deleted`) VALUES (64, 'user_type', '2', '管理员', 1, '用户类型 - 管理员', '2020-07-15 11:28:07', '2020-07-15 18:47:01', b'0');
INSERT INTO `mall_system`.`system_data_dict`(`id`, `enum_value`, `value`, `display_name`, `sort`, `memo`, `create_time`, `update_time`, `deleted`) VALUES (65, 'resource_type', '1', '菜单', 1, '资源类型 - 菜单', '2020-07-15 14:43:17', '2020-07-15 14:43:46', b'0');
INSERT INTO `mall_system`.`system_data_dict`(`id`, `enum_value`, `value`, `display_name`, `sort`, `memo`, `create_time`, `update_time`, `deleted`) VALUES (66, 'resource_type', '2', '按钮', 2, '资源类型 - 按钮', '2020-07-15 14:43:38', '2020-07-15 14:43:38', b'0');
INSERT INTO `mall_system`.`system_data_dict`(`id`, `enum_value`, `value`, `display_name`, `sort`, `memo`, `create_time`, `update_time`, `deleted`) VALUES (67, 'role_type', '1', '内置角色', 1, '角色类型 - 内置角色', '2020-07-15 15:04:04', '2020-07-15 15:04:04', b'0');
INSERT INTO `mall_system`.`system_data_dict`(`id`, `enum_value`, `value`, `display_name`, `sort`, `memo`, `create_time`, `update_time`, `deleted`) VALUES (68, 'role_type', '2', '自定义角色', 2, '角色类型 - 自定义角色', '2020-07-15 15:04:20', '2020-07-15 15:04:20', b'0');
